timestamp_ns,rtt_ms
1776007501956416056,0.4987
1776007501956500085,0.5828
1776007501956548316,0.6310
1776007501956591607,0.6743
1776007502057166493,1.3076
1776007502057618463,1.7596
1776007502057684980,1.8261
1776007502057778129,1.9193
1776007502057821420,1.9626
1776007502057943310,2.0845
1776007502058093866,2.2350
1776007502140238467,84.3796
1776007502156748528,0.8875
1776007502156841083,0.9800
1776007502156890906,1.0299
1776007502156940349,1.0793
1776007502156988107,1.1271
1776007502157110595,1.2495
1776007502157156644,1.2956
1776007502157201225,1.3402
1776007502157247162,1.3861
1776007502256626000,0.7901
1776007502256751035,0.9152
1776007502256797329,0.9614
1776007502256842304,1.0064
1776007502256891634,1.0557
1776007502256941380,1.1055
1776007502256987669,1.1518
1776007502257035859,1.2000
1776007502257079053,1.2432
1776007502356579007,0.7211
1776007502356679137,0.8213
1776007502357085190,1.2273
1776007502357127436,1.2696
1776007502357157852,1.3000
1776007502357184917,1.3271
1776007502357214725,1.3569
1776007502357246000,1.3881
1776007502357276323,1.4185
1776007502456505727,0.6477
1776007502456663442,0.8054
1776007502456762186,0.9042
1776007502456810343,0.9523
1776007502456859867,1.0019
1776007502456913018,1.0550
1776007502456955977,1.0980
1776007502456993512,1.1355
1776007502457029262,1.1713
1776007502556335598,0.4773
1776007502556554898,0.6966
1776007502556618849,0.7605
1776007502556668985,0.8107
1776007502556753116,0.8948
1776007502556793641,0.9353
1776007502556836605,0.9783
1776007502556879696,1.0214
1776007502557180060,1.3218
1776007502658008382,2.1208
1776007502658341730,2.4541
1776007502658452385,2.5648
1776007502658560124,2.6725
1776007502658654844,2.7672
1776007502658721516,2.8339
1776007502658778140,2.8905
1776007502658862144,2.9745
1776007502659936875,4.0492
1776007502756522527,0.6617
1776007502756620370,0.7595
1776007502756672098,0.8113
1776007502756993807,1.1330
1776007502757042614,1.1818
1776007502757089234,1.2284
1776007502757137405,1.2766
1776007502757182693,1.3219
1776007502757405352,1.5445
1776007502856398925,0.5414
1776007502856528527,0.6710
1776007502856578922,0.7214
1776007502856622848,0.7653
1776007502856668602,0.8111
1776007502856754286,0.8968
1776007502856800253,0.9427
1776007502856845228,0.9877
1776007502856891015,1.0335
1776007502956669443,0.8176
1776007502956798199,0.9463
1776007502956847074,0.9952
1776007502956895393,1.0435
1776007502956939909,1.0880
1776007502956983306,1.1314
1776007502957026702,1.1748
1776007502957069463,1.2176
1776007503056602887,0.5781
1776007503056736618,0.7119
1776007503056825499,0.8008
1776007503056989027,0.9643
1776007503057067274,1.0425
1776007503057111627,1.0869
1776007503057142483,1.1177
1776007503057172833,1.1481
1776007503156477915,0.6130
1776007503156664493,0.7996
1776007503156725957,0.8610
1776007503156817936,0.9530
1776007503156870476,1.0056
1776007503156919584,1.0547
1776007503156970520,1.1056
1776007503157010190,1.1453
1776007503256604999,0.6975
1776007503256726620,0.8191
1776007503256814686,0.9072
1776007503256931549,1.0240
1776007503257062330,1.1548
1776007503257117995,1.2105
1776007503257192501,1.2850
1776007503257249818,1.3423
1776007503267026080,11.1186
1776007503267115668,11.2081
1776007503267165780,11.2583
1776007503267212301,11.3048
1776007503356848290,0.9749
1776007503356938197,1.0648
1776007503356990870,1.1175
1776007503357032529,1.1592
1776007503357073117,1.1997
1776007503357120276,1.2469
1776007503357169713,1.2963
1776007503357216296,1.3429
1776007503357279320,1.4059
1776007503456381630,0.5206
1776007503456492157,0.6312
1776007503456586567,0.7256
1776007503456666650,0.8057
1776007503456739166,0.8782
1776007503456801329,0.9403
1776007503456847454,0.9865
1776007503456906902,1.0459
1776007503457165087,1.3041
1776007503556514036,0.6629
1776007503557114191,1.2631
1776007503557261867,1.4108
1776007503557363158,1.5121
1776007503557417773,1.5667
1776007503557462820,1.6117
1776007503557519149,1.6681
1776007503557583303,1.7322
1776007503557630895,1.7798
1776007503656544844,0.6773
1776007503656637868,0.7704
1776007503656685714,0.8182
1776007503656864700,0.9972
1776007503656914326,1.0468
1776007503656960635,1.0931
1776007503656998882,1.1314
1776007503658122454,2.2550
1776007503658245172,2.3777
1776007503756530530,0.6696
1776007503756621618,0.7607
1776007503756671577,0.8106
1776007503756731594,0.8706
1776007503756780555,0.9196
1776007503756827247,0.9663
1776007503756876092,1.0151
1776007503756922591,1.0616
1776007503756970096,1.1091
1776007503856571052,0.7087
1776007503856656972,0.7947
1776007503856728127,0.8658
1776007503856777728,0.9154
1776007503856820870,0.9586
1776007503856884993,1.0227
1776007503856928246,1.0659
1776007503856974240,1.1119
1776007503857022906,1.1606
1776007503956506766,0.6451
1776007503956619451,0.7578
1776007503956666361,0.8047
1776007503956725339,0.8637
1776007503956772214,0.9105
1776007503956817983,0.9563
1776007503956866088,1.0044
1776007503956909489,1.0478
1776007503956951811,1.0901
1776007504056561325,0.7019
1776007504056919014,1.0596
1776007504056980192,1.1208
1776007504057058377,1.1990
1776007504057168634,1.3092
1776007504057234055,1.3747
1776007504057279715,1.4203
1776007504057323306,1.4639
1776007504057368187,1.5088
1776007504156412059,0.5599
1776007504156750932,0.8988
1776007504156837619,0.9855
1776007504156891822,1.0397
1776007504156948455,1.0963
1776007504157013247,1.1611
1776007504157062240,1.2101
1776007504157109175,1.2571
1776007504157163619,1.3115
1776007504256817120,0.9602
1776007504256917776,1.0608
1776007504257010453,1.1535
1776007504257115566,1.2586
1776007504257162708,1.3058
1776007504257213378,1.3564
1776007504257247498,1.3906
1776007504257278472,1.4215
1776007504257307873,1.4509
1776007504356282951,0.4327
1776007504356388986,0.5387
1776007504356438423,0.5882
1776007504356482674,0.6324
1776007504356521605,0.6714
1776007504356563282,0.7130
1776007504356605560,0.7553
1776007504356735756,0.8855
1776007504357105564,1.2553
1776007504456357172,0.5015
1776007504456463653,0.6080
1776007504456512334,0.6566
1776007504456558676,0.7030
1776007504456607764,0.7521
1776007504456642579,0.7869
1776007504456676184,0.8205
1776007504456918211,1.0625
1776007504457990706,2.1350
1776007504556290939,0.4314
1776007504556732811,0.8733
1776007504556846978,0.9875
1776007504556906538,1.0470
1776007504556957092,1.0976
1776007504557005079,1.1456
1776007504557055469,1.1960
1776007504557124351,1.2648
1776007504557170749,1.3112
1776007504656610441,0.7482
1776007504656752903,0.8907
1776007504656809144,0.9470
1776007504656920011,1.0578
1776007504656965643,1.1035
1776007504657031375,1.1692
1776007504657080035,1.2178
1776007504657167864,1.3057
1776007504657964759,2.1026
1776007504756657901,0.7991
1776007504756763966,0.9052
1776007504756808422,0.9497
1776007504756852500,0.9937
1776007504756897760,1.0390
1776007504756940010,1.0813
1776007504756981132,1.1224
1776007504757024953,1.1662
1776007504757073020,1.2143
1776007504856953345,1.0041
1776007504857053726,1.1045
1776007504857102622,1.1534
1776007504857144032,1.1948
1776007504857212956,1.2637
1776007504857280325,1.3311
1776007504857327208,1.3779
1776007504857374906,1.4256
1776007504857422538,1.4733
1776007504956430801,0.5699
1776007504956545896,0.6850
1776007504956602818,0.7419
1776007504956654870,0.7940
1776007504956813252,0.9524
1776007504956885950,1.0251
1776007504956933393,1.0725
1776007504956979407,1.1185
1776007504957024624,1.1637
1776007505056534878,0.6754
1776007505056629054,0.7696
1776007505056671562,0.8121
1776007505056734834,0.8754
1776007505056779449,0.9200
1776007505056823026,0.9636
1776007505056948378,1.0889
1776007505056989506,1.1300
1776007505057035788,1.1763
1776007505156492934,0.6379
1776007505156622160,0.7672
1776007505156670511,0.8155
1776007505156734573,0.8796
1776007505156883455,1.0285
1776007505156929425,1.0744
1776007505156977566,1.1226
1776007505157027941,1.1730
1776007505157071513,1.2165
1776007505256925514,1.0640
1776007505257007747,1.1462
1776007505257124956,1.2634
1776007505257175871,1.3143
1776007505257218168,1.3566
1776007505257286824,1.4253
1776007505257335284,1.4737
1776007505257380926,1.5194
1776007505257416491,1.5549
1776007505356852143,0.9996
1776007505356951109,1.0986
1776007505357052657,1.2001
1776007505357212118,1.3596
1776007505357302479,1.4500
1776007505357509879,1.6574
1776007505357556841,1.7043
1776007505357595517,1.7430
1776007505357640717,1.7882
1776007505456663452,0.8193
1776007505456744400,0.9002
1776007505456792372,0.9482
1776007505456834708,0.9905
1776007505456878278,1.0341
1776007505456918298,1.0741
1776007505456954435,1.1102
1776007505456989062,1.1449
1776007505457288769,1.4446
1776007505556463158,0.5715
1776007505556579685,0.6880
1776007505556663910,0.7722
1776007505556746140,0.8545
1776007505556810302,0.9186
1776007505556849921,0.9582
1776007505556886067,0.9944
1776007505556926201,1.0345
1776007505557020844,1.1292
1776007505656606032,0.7422
1776007505656722697,0.8589
1776007505656775562,0.9117
1776007505656908046,1.0442
1776007505656955451,1.0916
1776007505657000731,1.1369
1776007505657039397,1.1756
1776007505657081184,1.2174
1776007505657123085,1.2593
1776007505756282108,0.4153
1776007505756418830,0.5521
1776007505756470110,0.6034
1776007505756514817,0.6481
1776007505756549526,0.6828
1776007505756608072,0.7413
1776007505756681773,0.8150
1776007505756830185,0.9634
1776007505756883219,1.0165
1776007505856472446,0.6130
1776007505856583256,0.7238
1776007505856634088,0.7746
1776007505856729636,0.8702
1776007505856776640,0.9172
1776007505856823238,0.9638
1776007505856872624,1.0132
1776007505856920387,1.0609
1776007505856961143,1.1017
1776007505956810810,0.9554
1776007505956902989,1.0475
1776007505956954015,1.0986
1776007505956996217,1.1408
1776007505957042899,1.1875
1776007505957083267,1.2278
1776007505957127802,1.2724
1776007505957172641,1.3172
1776007505957217762,1.3623
1776007506056518112,0.5913
1776007506056637517,0.7107
1776007506056678093,0.7513
1776007506056736621,0.8098
1776007506056781409,0.8546
1776007506056829927,0.9031
1776007506056876743,0.9500
1776007506056921843,0.9951
1776007506057089074,1.1623
1776007506156560199,0.6481
1776007506156676389,0.7643
1776007506156736445,0.8244
1776007506156789457,0.8774
1776007506156827337,0.9153
1776007506156873723,0.9616
1776007506156923298,1.0112
1776007506156969859,1.0578
1776007506157047748,1.1357
1776007506256377556,0.4903
1776007506256583922,0.6967
1776007506256680829,0.7936
1776007506256737420,0.8501
1776007506256817479,0.9302
1776007506256866456,0.9792
1776007506256912575,1.0253
1776007506256971676,1.0844
1776007506257042340,1.1551
1776007506356660959,0.8403
1776007506356779082,0.9584
1776007506356827697,1.0070
1776007506356877260,1.0566
1776007506356939534,1.1189
1776007506356981449,1.1608
1776007506357015569,1.1949
1776007506357049339,1.2287
1776007506357082076,1.2614
1776007506456505230,0.6446
1776007506456604969,0.7443
1776007506456668068,0.8074
1776007506456822554,0.9619
1776007506456873090,1.0124
1776007506456915263,1.0546
1776007506456964513,1.1038
1776007506457002798,1.1421
1776007506457040736,1.1801
1776007506556522064,0.6641
1776007506556622090,0.7641
1776007506556673149,0.8151
1776007506556733577,0.8756
1776007506556779700,0.9217
1776007506556855359,0.9974
1776007506557786690,1.9287
1776007506557848131,1.9901
1776007506557887583,2.0296
1776007506656539024,0.6192
1776007506656682708,0.7628
1776007506656767179,0.8473
1776007506656823659,0.9038
1776007506656863456,0.9436
1776007506656897144,0.9773
1776007506656930240,1.0104
1776007506656963176,1.0433
1776007506657001786,1.0819
1776007506756340168,0.4868
1776007506756483490,0.6301
1776007506756556453,0.7031
1776007506756632483,0.7791
1776007506756685534,0.8322
1776007506756874071,1.0207
1776007506756922449,1.0691
1776007506756966504,1.1131
1776007506757011457,1.1581
1776007506856587749,0.7340
1776007506856666812,0.8130
1776007506856724167,0.8704
1776007506856772971,0.9192
1776007506856820418,0.9666
1776007506856867285,1.0135
1776007506856993945,1.1402
1776007506857036249,1.1825
1776007506857081228,1.2274
1776007506956411176,0.5513
1776007506956516130,0.6562
1776007506956587659,0.7278
1776007506956672948,0.8131
1776007506956733902,0.8740
1776007506956784341,0.9244
1776007506956827227,0.9673
1776007506956870554,1.0107
1776007506956921074,1.0612
1776007507056577655,0.7126
1776007507056676193,0.8111
1776007507056735357,0.8703
1776007507056783378,0.9183
1776007507056829961,0.9649
1776007507056869710,1.0046
1776007507056908616,1.0435
1776007507156446624,0.5874
1776007507156573547,0.7144
1776007507156642414,0.7832
1776007507156707858,0.8487
1776007507156756594,0.8974
1776007507156808680,0.9495
1776007507156853783,0.9946
1776007507256568587,0.7164
1776007507256680812,0.8287
1776007507256749172,0.8970
1776007507256800301,0.9482
1776007507256844441,0.9923
1776007507256895868,1.0437
1776007507256941242,1.0891
1776007507356454406,0.5997
1776007507356636136,0.7814
1776007507356712075,0.8574
1776007507356756372,0.9017
1776007507356830749,0.9760
1776007507356918659,1.0640
1776007507357001074,1.1464
1776007507456554353,0.6920
1776007507456639169,0.7768
1776007507456847955,0.9856
1776007507456904033,1.0417
1776007507456948011,1.0857
1776007507456993096,1.1307
1776007507457037636,1.1753
1776007507466892682,11.0303
1776007507467015621,11.1533
1776007507467067812,11.2055
1776007507467115075,11.2527
1776007507467165260,11.3029
1776007507467215867,11.3535
1776007507556502424,0.6391
1776007507556591835,0.7285
1776007507556639059,0.7758
1776007507556681393,0.8181
1776007507556793954,0.9307
1776007507556844772,0.9815
1776007507556884011,1.0207
1776007507556918995,1.0557
1776007507557870561,2.0073
1776007507656287324,0.4274
1776007507656419749,0.5599
1776007507656488938,0.6291
1776007507656549770,0.6899
1776007507656594177,0.7343
1776007507656634596,0.7747
1776007507657811618,1.9517
1776007507657877516,2.0176
1776007507657919039,2.0592
1776007507756376520,0.5616
1776007507756499365,0.6844
1776007507756552503,0.7375
1776007507756600022,0.7851
1776007507756650578,0.8356
1776007507756716500,0.9015
1776007507756768621,0.9537
1776007507756862413,1.0475
1776007507756907479,1.0925
1776007507856378328,0.5048
1776007507856520900,0.6473
1776007507856582395,0.7088
1776007507856705112,0.8315
1776007507856767932,0.8944
1776007507856819477,0.9459
1776007507856866110,0.9925
1776007507856914480,1.0409
1776007507857143025,1.2694
1776007507956298415,0.4411
1776007507956421198,0.5639
1776007507956474893,0.6176
1776007507956520725,0.6635
1776007507956570353,0.7131
1776007507957768310,1.9110
1776007507957818746,1.9615
1776007507957852271,1.9950
1776007507957885845,2.0286
1776007508056486162,0.6329
1776007508056650194,0.7970
1776007508056718752,0.8655
1776007508056791057,0.9378
1776007508056842291,0.9891
1776007508056890752,1.0375
1776007508056940235,1.0870
1776007508056994121,1.1409
1776007508156472123,0.5663
1776007508156591934,0.6861
1776007508156648466,0.7426
1776007508156750558,0.8447
1776007508156874532,0.9687
1776007508156923036,1.0172
1776007508156961488,1.0556
1776007508157005498,1.0996
1776007508256528582,0.6685
1776007508256622646,0.7626
1776007508256675182,0.8151
1776007508256791115,0.9310
1776007508256922499,1.0624
1776007508256973698,1.1136
1776007508257018422,1.1583
1776007508257065776,1.2057
1776007508356905116,1.0420
1776007508356986026,1.1229
1776007508357032542,1.1695
1776007508357079078,1.2160
1776007508357133395,1.2703
1776007508357176605,1.3135
1776007508357255305,1.3922
1776007508357319899,1.4568
1776007508367319881,11.4568
1776007508367412445,11.5494
1776007508367457920,11.5948
1776007508456434509,0.5905
1776007508456548630,0.7046
1776007508456744472,0.9004
1776007508456808636,0.9646
1776007508456861573,1.0175
1776007508456915015,1.0710
1776007508456965071,1.1210
1776007508457014587,1.1705
1776007508457061839,1.2178
1776007508556671118,0.8138
1776007508556815939,0.9586
1776007508556867328,1.0100
1776007508557014860,1.1575
1776007508557131146,1.2738
1776007508557231176,1.3738
1776007508557280054,1.4227
1776007508557326454,1.4691
1776007508557364837,1.5075
1776007508656394266,0.5266
1776007508656536191,0.6685
1776007508656603486,0.7358
1776007508657047820,1.1801
1776007508657111881,1.2442
1776007508657164580,1.2969
1776007508657208549,1.3409
1776007508657252201,1.3845
1776007508657296091,1.4284
1776007508756384451,0.5308
1776007508756505670,0.6521
1776007508756559685,0.7061
1776007508756615921,0.7623
1776007508756772576,0.9190
1776007508756851309,0.9977
1776007508756906753,1.0531
1776007508756951640,1.0980
1776007508757909192,2.0556
1776007508856504038,0.6484
1776007508856596557,0.7409
1776007508856888466,1.0328
1776007508856966968,1.1113
1776007508857010081,1.1544
1776007508857053898,1.1983
1776007508857098091,1.2425
1776007508857137981,1.2824
1776007508857181283,1.3257
1776007508956470939,0.6090
1776007508956587673,0.7257
1776007508956638167,0.7762
1776007508956687391,0.8254
1776007508956751707,0.8897
1776007508956930386,1.0684
1776007508956983497,1.1215
1776007508957040389,1.1784
1776007508957088176,1.2262
1776007509056300796,0.4364
1776007509056737721,0.8734
1776007509056897501,1.0332
1776007509056961670,1.0973
1776007509057004596,1.1402
1776007509057048188,1.1838
1776007509057086759,1.2224
1776007509057126402,1.2621
1776007509156408366,0.5476
1776007509156524855,0.6641
1776007509156603151,0.7424
1776007509156666451,0.8057
1776007509156724310,0.8636
1776007509156767326,0.9066
1776007509156815830,0.9551
1776007509158073425,2.2127
1776007509256532687,0.6747
1776007509256669140,0.8112
1776007509256763186,0.9052
1776007509256874133,1.0162
1776007509256925830,1.0679
1776007509256973888,1.1159
1776007509257020339,1.1624
1776007509257176691,1.3187
1776007509266992178,11.1342
1776007509267085781,11.2278
1776007509267138109,11.2802
1776007509356959048,1.0968
1776007509357045587,1.1833
1776007509357095834,1.2336
1776007509357134254,1.2720
1776007509357178564,1.3163
1776007509357221473,1.3592
1776007509357261600,1.3994
1776007509357308427,1.4462
1776007509357346048,1.4838
1776007509456492896,0.6364
1776007509456669273,0.8128
1776007509456757346,0.9009
1776007509456812994,0.9565
1776007509456852106,0.9956
1776007509456898731,1.0423
1776007509456945681,1.0892
1776007509456989437,1.1330
1776007509457063552,1.2071
1776007509556413373,0.5532
1776007509556679938,0.8197
1776007509556771304,0.9111
1776007509556860564,1.0004
1776007509556897881,1.0377
1776007509556966193,1.1060
1776007509557027968,1.1678
1776007509557106891,1.2467
1776007509557156709,1.2965
1776007509656291006,0.4321
1776007509656562944,0.7041
1776007509656620822,0.7620
1776007509656670605,0.8117
1776007509656798235,0.9394
1776007509656913849,1.0550
1776007509656977854,1.1190
1776007509657016112,1.1572
1776007509657049895,1.1910
1776007509756299275,0.4438
1776007509756651597,0.7961
1776007509756770164,0.9147
1776007509756813372,0.9579
1776007509756856983,1.0015
1776007509756894328,1.0389
1776007509756935786,1.0803
1776007509756970498,1.1150
1776007509757004542,1.1491
1776007509856468205,0.6109
1776007509856618371,0.7611
1776007509856712045,0.8547
1776007509856762242,0.9049
1776007509856806662,0.9494
1776007509856852896,0.9956
1776007509856897893,1.0406
1776007509856944476,1.0872
1776007509857147978,1.2907
1776007509956766114,0.9099
1776007509956895345,1.0392
1776007509956965669,1.1095
1776007509957010585,1.1544
1776007509957052706,1.1965
1776007509957092940,1.2368
1776007509957133431,1.2773
1776007509957175512,1.3193
1776007509957221199,1.3650
1776007510056536155,0.6687
1776007510056836943,0.9695
1776007510056892404,1.0250
1776007510056936719,1.0693
1776007510056982224,1.1148
1776007510057166845,1.2994
1776007510057208420,1.3410
1776007510057253868,1.3864
1776007510057297756,1.4303
1776007510156272998,0.4166
1776007510156401314,0.5449
1776007510156577221,0.7208
1776007510156629138,0.7727
1776007510156680477,0.8240
1776007510156775912,0.9195
1776007510156814140,0.9577
1776007510156853457,0.9970
1776007510157076682,1.2202
1776007510256389471,0.5502
1776007510256517213,0.6779
1776007510256568519,0.7292
1776007510256617868,0.7786
1776007510256667385,0.8281
1776007510256847343,1.0081
1776007510256899368,1.0601
1776007510256968676,1.1294
1776007510257009685,1.1704
1776007510356606115,0.7962
1776007510356681680,0.8717
1776007510356770659,0.9607
1776007510356816897,1.0070
1776007510356870140,1.0602
1776007510356915677,1.1057
1776007510356963281,1.1533
1776007510357010918,1.2010
1776007510456470684,0.5312
1776007510456741234,0.8018
1776007510456805031,0.8656
1776007510456853977,0.9145
1776007510456903557,0.9641
1776007510456962232,1.0228
1776007510457007198,1.0677
1776007510457048038,1.1086
1776007510467183511,11.2440
1776007510467280351,11.3409
1776007510556458215,0.5332
1776007510556600139,0.6751
1776007510556648553,0.7236
1776007510556708024,0.7830
1776007510556754982,0.8300
1776007510556795572,0.8706
1776007510556884041,0.9590
1776007510557009631,1.0846
1776007510557118263,1.1933
1776007510656535196,0.6744
1776007510656639737,0.7789
1776007510656704222,0.8434
1776007510656749147,0.8883
1776007510657792003,1.9312
1776007510657844683,1.9839
1776007510657885919,2.0251
1776007510657924836,2.0640
1776007510657966954,2.1061
1776007510759865023,4.0024
1776007510760087394,4.2248
1776007510760144999,4.2824
1776007510760189080,4.3265
1776007510760246949,4.3843
1776007510760297919,4.4353
1776007510760340656,4.4780
1776007510760387925,4.5253
1776007510760434900,4.5723
1776007510856204462,0.3429
1776007510856315130,0.4536
1776007510856674518,0.8130
1776007510856738571,0.8770
1776007510856787300,0.9258
1776007510856833085,0.9715
1776007510856876026,1.0145
1776007510856992517,1.1310
1776007510857053665,1.1921
1776007510956403086,0.5667
1776007510956546548,0.7101
1776007510956600565,0.7642
1776007510957861727,2.0253
1776007510957918998,2.0826
1776007510957969037,2.1326
1776007510958012128,2.1757
1776007510958054436,2.2180
1776007510958087917,2.2515
1776007511056601736,0.6439
1776007511056737306,0.7795
1776007511057171034,1.2132
1776007511057228948,1.2711
1776007511057277576,1.3197
1776007511057317758,1.3599
1776007511057365703,1.4079
1776007511057411801,1.4540
1776007511057457640,1.4998
1776007511156430323,0.5790
1776007511156543965,0.6926
1776007511156596173,0.7448
1776007511156638752,0.7874
1776007511156700603,0.8493
1776007511156753769,0.9024
1776007511156801742,0.9504
1776007511156852229,1.0009
1776007511156946348,1.0950
1776007511256279089,0.4278
1776007511256424637,0.5734
1776007511256492248,0.6410
1776007511256542651,0.6914
1776007511256583504,0.7322
1776007511256626144,0.7749
1776007511256666699,0.8154
1776007511256717522,0.8662
1776007511257105603,1.2543
1776007511356447903,0.5879
1776007511356579659,0.7196
1776007511356637408,0.7774
1776007511356712546,0.8525
1776007511356764293,0.9043
1776007511356842449,0.9824
1776007511356882551,1.0225
1776007511356931201,1.0712
1776007511357137789,1.2778
1776007511456365624,0.5120
1776007511456490405,0.6368
1776007511456622823,0.7692
1776007511456754779,0.9012
1776007511456810489,0.9569
1776007511456858575,1.0050
1776007511456907391,1.0538
1776007511456955265,1.1017
1776007511457001356,1.1477
1776007511556482128,0.6284
1776007511556883310,1.0296
1776007511556940235,1.0865
1776007511556974125,1.1204
1776007511557005179,1.1514
1776007511557061126,1.2074
1776007511557095558,1.2418
1776007511557124728,1.2710
1776007511557155010,1.3013
1776007511656660572,0.8114
1776007511656763116,0.9139
1776007511656812935,0.9638
1776007511656856972,1.0078
1776007511656896153,1.0470
1776007511656936877,1.0877
1776007511656979675,1.1305
1776007511756255555,0.3981
1776007511756361088,0.5036
1776007511756408994,0.5515
1776007511756453132,0.5957
1776007511756505803,0.6483
1776007511756727430,0.8700
1776007511756780539,0.9231
1776007511856455442,0.5983
1776007511856587015,0.7298
1776007511856641599,0.7844
1776007511856726780,0.8696
1776007511856777532,0.9204
1776007511856822637,0.9655
1776007511856868243,1.0111
1776007511866787957,10.9308
1776007511866878194,11.0210
1776007511866928237,11.0711
1776007511866975507,11.1183
1776007511867019547,11.1624
1776007511867061070,11.2039
1776007511956783213,0.8540
1776007511956899111,0.9699
1776007511956944121,1.0150
1776007511956991545,1.0624
1776007511957039934,1.1108
1776007511957086348,1.1572
1776007511957132782,1.2036
1776007511957179937,1.2508
1776007511957230174,1.3010
1776007512056521434,0.6587
1776007512056612846,0.7501
1776007512056666302,0.8035
1776007512056788361,0.9256
1776007512056837318,0.9745
1776007512056904234,1.0415
1776007512056960646,1.0979
1776007512057006654,1.1439
1776007512057054942,1.1922
1776007512156575748,0.6980
1776007512156652667,0.7750
1776007512156770392,0.8927
1776007512156828462,0.9508
1776007512156874646,0.9969
1776007512156921218,1.0435
1776007512156971582,1.0939
1776007512157017024,1.1393
1776007512157065125,1.1874
1776007512256552063,0.6952
1776007512256640663,0.7838
1776007512256687161,0.8303
1776007512256795610,0.9387
1776007512256837325,0.9805
1776007512256886104,1.0292
1776007512257334282,1.4774
1776007512257402009,1.5451
1776007512257450392,1.5935
1776007512356394354,0.4882
1776007512356487462,0.5813
1776007512356551311,0.6452
1776007512356608322,0.7022
1776007512356653481,0.7473
1776007512356711598,0.8054
1776007512356762478,0.8563
1776007512356992946,1.0868
1776007512357164179,1.2580
1776007512456414185,0.5556
1776007512456598268,0.7397
1776007512456650598,0.7920
1776007512456723933,0.8653
1776007512456775417,0.9168
1776007512456820569,0.9620
1776007512457105535,1.2469
1776007512457184570,1.3260
1776007512457228744,1.3701
1776007512556335205,0.4798
1776007512556431847,0.5764
1776007512556567614,0.7122
1776007512556622423,0.7670
1776007512556817543,0.9621
1776007512556888453,1.0330
1776007512556936405,1.0810
1776007512556982496,1.1271
1776007512557226682,1.3713
1776007512656481918,0.6318
1776007512656634199,0.7841
1776007512656708997,0.8589
1776007512656757208,0.9071
1776007512656800541,0.9504
1776007512656843909,0.9938
1776007512656889431,1.0393
1776007512656932441,1.0823
1776007512656978863,1.1287
1776007512756441935,0.5809
1776007512756547962,0.6870
1776007512756599113,0.7381
1776007512756643500,0.7825
1776007512756686907,0.8259
1776007512756748439,0.8874
1776007512756789771,0.9288
1776007512756952734,1.0917
1776007512757498921,1.6379
1776007512856564066,0.7033
1776007512856648223,0.7875
1776007512856719682,0.8589
1776007512856765958,0.9052
1776007512856813761,0.9530
1776007512856858987,0.9982
1776007512856904156,1.0434
1776007512856949508,1.0888
1776007512856998990,1.1382
1776007512957601801,0.7850
1776007512957800272,0.9835
1776007512957857664,1.0409
1776007512957903390,1.0866
1776007512957956017,1.1392
1776007512957997997,1.1812
1776007512958034739,1.2180
1776007512958073219,1.2564
1776007512958136863,1.3201
1776007513056333662,0.4763
1776007513056579149,0.7218
1776007513056644290,0.7869
1776007513056701345,0.8440
1776007513056752059,0.8947
1776007513056796254,0.9389
1776007513056839084,0.9817
1776007513056882907,1.0255
1776007513059019164,3.1618
1776007513156488128,0.6273
1776007513156586623,0.7258
1776007513156631315,0.7705
1776007513156730593,0.8697
1776007513156779933,0.9191
1776007513156827527,0.9667
1776007513156882884,1.0220
1776007513156934334,1.0735
1776007513256664417,0.7599
1776007513256760329,0.8558
1776007513256799791,0.8952
1776007513256837456,0.9329
1776007513256900983,0.9964
1776007513256947845,1.0433
1776007513256992194,1.0876
1776007513257032046,1.1275
1776007513356374144,0.5214
1776007513356829614,0.9769
1776007513356950486,1.0978
1776007513357005892,1.1532
1776007513357060283,1.2076
1776007513357108406,1.2557
1776007513357155231,1.3025
1776007513357201535,1.3488
1776007513456495773,0.6317
1776007513456626646,0.7625
1776007513456676895,0.8128
1776007513456761023,0.8969
1776007513456805744,0.9416
1776007513456847602,0.9835
1776007513456888517,1.0244
1776007513456934706,1.0706
1776007513466814718,10.9506
1776007513466902030,11.0379
1776007513466948404,11.0843
1776007513466995833,11.1317
1776007513556523482,0.6429
1776007513556606494,0.7259
1776007513556653078,0.7725
1776007513556750039,0.8695
1776007513556801769,0.9212
1776007513556852169,0.9716
1776007513556896129,1.0156
1776007513556940163,1.0596
1776007513556980350,1.0998
1776007513656374676,0.5227
1776007513656449118,0.5971
1776007513656488150,0.6361
1776007513656531128,0.6791
1776007513656574254,0.7222
1776007513656770271,0.9182
1776007513656879232,1.0272
1776007513656926189,1.0742
1776007513657007397,1.1554
1776007513756307486,0.4423
1776007513756614808,0.7496
1776007513757827095,1.9619
1776007513757883087,2.0179
1776007513757932725,2.0675
1776007513757982744,2.1175
1776007513758022990,2.1578
1776007513758067993,2.2028
1776007513758108310,2.2431
1776007513856285863,0.4328
1776007513856397921,0.5449
1776007513856456237,0.6032
1776007513856532525,0.6795
1776007513856594920,0.7419
1776007513856639051,0.7860
1776007513856685046,0.8320
1776007513856762603,0.9096
1776007513856812090,0.9591
1776007513956335708,0.4567
1776007513956580689,0.7017
1776007513957398922,1.5199
1776007513957546024,1.6671
1776007513957594239,1.7153
1776007513957644718,1.7657
1776007513957769133,1.8902
1776007513957825479,1.9465
1776007513957955400,2.0764
1776007514056528816,0.6736
1776007514056632966,0.7777
1776007514056687108,0.8319
1776007514056745773,0.8905
1776007514056782505,0.9273
1776007514056853931,0.9987
1776007514056948757,1.0935
1776007514057047298,1.1920
1776007514057096340,1.2411
1776007514156412432,0.5621
1776007514156548665,0.6983
1776007514156596084,0.7458
1776007514156639928,0.7896
1776007514156680563,0.8302
1776007514156737460,0.8871
1776007514156779553,0.9292
1776007514156842225,0.9919
1776007514157265558,1.4152
1776007514256413671,0.5557
1776007514256518275,0.6604
1776007514256558992,0.7011
1776007514256604200,0.7463
1776007514256642530,0.7846
1776007514256684256,0.8263
1776007514256814768,0.9568
1776007514256859027,1.0011
1776007514257138146,1.2802
1776007514356659172,0.7355
1776007514356843121,0.9195
1776007514356885153,0.9615
1776007514356927493,1.0039
1776007514356968227,1.0446
1776007514357003266,1.0796
1776007514357036841,1.1132
1776007514357066105,1.1425
1776007514456500379,0.6425
1776007514456591389,0.7335
1776007514456630720,0.7729
1776007514456668695,0.8108
1776007514456762952,0.9051
1776007514456837227,0.9794
1776007514456883967,1.0261
1776007514456928535,1.0707
1776007514468278150,12.4203
1776007514468365650,12.5078
1776007514556630030,0.7779
1776007514556731100,0.8789
1776007514556769426,0.9173
1776007514556805992,0.9538
1776007514556846295,0.9941
1776007514556884923,1.0328
1776007514556977409,1.1252
1776007514557026517,1.1743
1776007514557074821,1.2227
1776007514656325117,0.4753
1776007514656427288,0.5774
1776007514656476457,0.6266
1776007514656519768,0.6699
1776007514656559976,0.7101
1776007514656604742,0.7549
1776007514656654082,0.8042
1776007514656722768,0.8729
1776007514656973404,1.1236
1776007514756506848,0.5861
1776007514756622224,0.7015
1776007514756668430,0.7477
1776007514756728878,0.8081
1776007514756777547,0.8568
1776007514756828566,0.9078
1776007514756988912,1.0682
1776007514757053387,1.1326
1776007514757151570,1.2308
1776007514856675828,0.8194
1776007514856780199,0.9238
1776007514856828244,0.9719
1776007514856873208,1.0168
1776007514856918370,1.0620
1776007514856964575,1.1082
1776007514857007419,1.1510
1776007514857051721,1.1953
1776007514857755140,1.8988
1776007514956974327,1.1159
1776007514957108128,1.2497
1776007514957179365,1.3209
1776007514957253110,1.3947
1776007514957298182,1.4397
1776007514957346244,1.4878
1776007514957389366,1.5309
1776007515056492350,0.6388
1776007515056596949,0.7434
1776007515056639548,0.7860
1776007515056768744,0.9152
1776007515056816246,0.9627
1776007515056864473,1.0109
1776007515056910259,1.0567
1776007515156470655,0.6320
1776007515156585917,0.7472
1776007515156634074,0.7954
1776007515156714908,0.8762
1776007515156774980,0.9363
1776007515156819033,0.9803
1776007515156913593,1.0749
1776007515256928458,1.0643
1776007515257129106,1.2650
1776007515257231271,1.3672
1776007515257274894,1.4108
1776007515257322212,1.4581
1776007515257366065,1.5020
1776007515257724928,1.8608
1776007515267337215,11.4731
1776007515267417217,11.5531
1776007515267458651,11.5945
1776007515267505841,11.6417
1776007515267551814,11.6877
1776007515267602809,11.7387
1776007515267654562,11.7905
1776007515356517588,0.6420
1776007515356593331,0.7177
1776007515356630587,0.7550
1776007515356673937,0.7983
1776007515356732070,0.8564
1776007515356807767,0.9321
1776007515356857588,0.9820
1776007515358027583,2.1520
1776007515358086611,2.2110
1776007515456488982,0.6293
1776007515456585884,0.7262
1776007515456623636,0.7639
1776007515456663582,0.8039
1776007515456767599,0.9079
1776007515456812320,0.9526
1776007515456858971,0.9992
1776007515456898486,1.0388
1776007515456945298,1.0856
1776007515556485777,0.6265
1776007515556616328,0.7571
1776007515556664575,0.8053
1776007515556880866,1.0216
1776007515557020740,1.1615
1776007515557088490,1.2292
1776007515557134695,1.2754
1776007515557178283,1.3190
1776007515557224700,1.3654
1776007515656628550,0.6821
1776007515656745336,0.7989
1776007515656791157,0.8447
1776007515656836271,0.8899
1776007515656881117,0.9347
1776007515656925747,0.9793
1776007515656969874,1.0235
1776007515657752562,1.8061
1776007515657802061,1.8556
1776007515756562464,0.7019
1776007515756669232,0.8087
1776007515756733583,0.8731
1776007515756849794,0.9893
1776007515756891970,1.0314
1776007515756937261,1.0767
1776007515756979184,1.1187
1776007515757017821,1.1573
1776007515757079516,1.2190
1776007515856395416,0.5364
1776007515856530483,0.6715
1776007515856576202,0.7172
1776007515856620193,0.7612
1776007515856701814,0.8428
1776007515856752047,0.8930
1776007515856805006,0.9460
1776007515856841860,0.9828
1776007515857886400,2.0274
1776007515956567742,0.7059
1776007515956718824,0.8570
1776007515956769658,0.9078
1776007515956811912,0.9501
1776007515956852352,0.9905
1776007515956894244,1.0324
1776007515957030983,1.1691
1776007515957274405,1.4126
1776007515957324576,1.4627
1776007516056279352,0.4197
1776007516056532965,0.6734
1776007516056795996,0.9364
1776007516057045686,1.1861
1776007516057115927,1.2563
1776007516057167205,1.3076
1776007516057212749,1.3531
1776007516057255723,1.3961
1776007516057302187,1.4426
1776007516156535559,0.6763
1776007516156642328,0.7831
1776007516156754181,0.8949
1776007516156801914,0.9427
1776007516156894351,1.0351
1776007516157019849,1.1606
1776007516157079745,1.2205
1776007516157122056,1.2628
1776007516157166463,1.3072
1776007516256410923,0.5539
1776007516256551049,0.6940
1776007516256646692,0.7896
1776007516256730435,0.8734
1776007516256781606,0.9245
1776007516256897585,1.0405
1776007516256938280,1.0812
1776007516256978536,1.1215
1776007516257014782,1.1577
1776007516356382774,0.5248
1776007516356500177,0.6422
1776007516356578814,0.7208
1776007516356641057,0.7831
1776007516356738684,0.8807
1776007516356799409,0.9414
1776007516356846000,0.9880
1776007516356891228,1.0333
1776007516357069450,1.2115
1776007516456507935,0.6492
1776007516456604700,0.7460
1776007516456686967,0.8282
1776007516456822749,0.9640
1776007516456871258,1.0125
1776007516456915144,1.0564
1776007516457018901,1.1602
1776007516457101983,1.2432
1776007516457441918,1.5832
1776007516556231521,0.3700
1776007516556474487,0.6130
1776007516556683150,0.8217
1776007516556738955,0.8775
1776007516556783335,0.9219
1776007516556818167,0.9567
1776007516556852956,0.9915
1776007516556890149,1.0287
1776007516557142162,1.2807
1776007516656473333,0.6223
1776007516656593327,0.7423
1776007516656659241,0.8082
1776007516656734381,0.8834
1776007516656778554,0.9275
1776007516656818508,0.9675
1776007516656858073,1.0070
1776007516656890602,1.0396
1776007516656919725,1.0687
1776007516756360024,0.5110
1776007516756476791,0.6278
1776007516756530843,0.6818
1776007516756570924,0.7219
1776007516756616927,0.7679
1776007516756668946,0.8199
1776007516756728453,0.8794
1776007516756773416,0.9244
1776007516756817175,0.9682
1776007516856507840,0.6479
1776007516856778434,0.9185
1776007516856828066,0.9681
1776007516856874124,1.0142
1776007516856918688,1.0587
1776007516856964425,1.1045
1776007516857007488,1.1475
1776007516857051244,1.1913
1776007516857113732,1.2538
1776007516956451115,0.5999
1776007516956551865,0.7007
1776007516956600304,0.7491
1776007516956649696,0.7985
1776007516956684931,0.8337
1776007516956748195,0.8970
1776007516956793203,0.9420
1776007516956836739,0.9855
1776007516956882143,1.0309
1776007517056617387,0.7555
1776007517056725357,0.8634
1776007517056772103,0.9102
1776007517056824023,0.9621
1776007517056868957,1.0070
1776007517056911966,1.0501
1776007517056944864,1.0830
1776007517056974679,1.1128
1776007517057007779,1.1459
1776007517156406631,0.5461
1776007517156489838,0.6293
1776007517156535313,0.6748
1776007517156574898,0.7143
1776007517156823592,0.9630
1776007517157044028,1.1835
1776007517157090421,1.2299
1776007517157136902,1.2764
1776007517157349217,1.4887
1776007517256345043,0.4174
1776007517256526175,0.5985
1776007517256583470,0.6558
1776007517256755717,0.8280
1776007517256824670,0.8970
1776007517256887326,0.9596
1776007517256932345,1.0047
1776007517256982588,1.0549
1776007517257028811,1.1011
1776007517356845088,0.9856
1776007517356926565,1.0670
1776007517356967804,1.1083
1776007517357050570,1.1910
1776007517357096812,1.2373
1776007517357141656,1.2821
1776007517357183434,1.3239
1776007517357229294,1.3698
1776007517357279817,1.4203
1776007517456604114,0.6537
1776007517456790061,0.8397
1776007517456851383,0.9010
1776007517456898799,0.9484
1776007517456947222,0.9968
1776007517456999982,1.0496
1776007517457040232,1.0899
1776007517457078099,1.1277
1776007517457110330,1.1600
1776007517556203106,0.3517
1776007517556390859,0.5395
1776007517556682038,0.8307
1776007517556741246,0.8899
1776007517556787379,0.9360
1776007517556830148,0.9788
1776007517556926184,1.0748
1776007517556985570,1.1342
1776007517558025628,2.1742
1776007517656342091,0.4847
1776007517656484809,0.6274
1776007517656535215,0.6778
1776007517656578830,0.7214
1776007517656624756,0.7673
1776007517656665334,0.8079
1776007517656808409,0.9510
1776007517656878228,1.0208
1776007517657153429,1.2960
1776007517756682937,0.7837
1776007517757583380,1.6842
1776007517757636766,1.7375
1776007517757687616,1.7884
1776007517757766775,1.8676
1776007517757812089,1.9129
1776007517757856847,1.9576
1776007517757903287,2.0041
1776007517757951398,2.0522
1776007517856336870,0.4764
1776007517856679824,0.8194
1776007517856750140,0.8897
1776007517856839030,0.9786
1776007517856898275,1.0378
1776007517856944761,1.0843
1776007517856993512,1.1331
1776007517857037733,1.1773
1776007517857080075,1.2196
1776007517956463164,0.5874
1776007517956567934,0.6922
1776007517956612203,0.7365
1776007517956652231,0.7765
1776007517956699697,0.8240
1776007517956858723,0.9830
1776007517956902031,1.0263
1776007517956949079,1.0734
1776007517957218844,1.3431
1776007518056680177,0.8284
1776007518056821743,0.9700
1776007518056867670,1.0159
1776007518056939236,1.0875
1776007518056986553,1.1348
1776007518057033848,1.1821
1776007518057081163,1.2294
1776007518057122248,1.2705
1776007518057163512,1.3118
1776007518156260712,0.3964
1776007518156394326,0.5300
1776007518156468370,0.6041
1776007518156526799,0.6625
1776007518156577982,0.7137
1776007518156633856,0.7696
1776007518156675699,0.8114
1776007518156763690,0.8994
1776007518157247277,1.3830
1776007518256421242,0.5612
1776007518256529309,0.6693
1776007518256581911,0.7219
1776007518256639457,0.7794
1776007518256687085,0.8270
1776007518256810038,0.9500
1776007518256850836,0.9908
1776007518256889280,1.0292
1776007518257998541,2.1385
1776007518356310294,0.4526
1776007518356800843,0.9432
1776007518356860100,1.0024
1776007518356908697,1.0510
1776007518356954289,1.0966
1776007518357001352,1.1437
1776007518357043073,1.1854
1776007518456457006,0.6366
1776007518456549669,0.7293
1776007518456621491,0.8011
1776007518456668729,0.8483
1776007518456734508,0.9141
1776007518456788915,0.9685
1776007518456833703,1.0133
1776007518556548004,0.7351
1776007518556666194,0.8533
1776007518556730302,0.9174
1776007518556777727,0.9649
1776007518556853487,1.0406
1776007518556896406,1.0835
1776007518556943107,1.1302
1776007518656476060,0.6186
1776007518656553908,0.6965
1776007518656598370,0.7409
1776007518656640792,0.7833
1776007518656683253,0.8258
1776007518656747451,0.8900
1776007518656800337,0.9429
1776007518666902880,11.0454
1776007518666998930,11.1415
1776007518667054360,11.1969
1776007518667102775,11.2453
1776007518667149552,11.2921
1776007518756396455,0.5444
1776007518756518943,0.6669
1776007518756557430,0.7054
1776007518756593768,0.7417
1776007518756632747,0.7807
1776007518756677998,0.8260
1776007518756737497,0.8855
1776007518756786726,0.9347
1776007518758977879,3.1259
1776007518856429626,0.5733
1776007518856536343,0.6800
1776007518856589566,0.7332
1776007518856632156,0.7758
1776007518856674161,0.8178
1776007518857927463,2.0711
1776007518857985823,2.1295
1776007518858034569,2.1782
1776007518858079761,2.2234
1776007518956618810,0.7572
1776007518956855163,0.9936
1776007518956910423,1.0488
1776007518956957305,1.0957
1776007518957005062,1.1435
1776007518957047700,1.1861
1776007518957091172,1.2296
1776007518957135047,1.2735
1776007518957176458,1.3149
1776007519056432391,0.5721
1776007519056566439,0.7061
1776007519056657117,0.7968
1776007519056712005,0.8517
1776007519056760873,0.9006
1776007519056809010,0.9487
1776007519056856235,0.9959
1776007519056903562,1.0432
1776007519056949563,1.0892
1776007519156459825,0.5724
1776007519159793938,3.9065
1776007519159856555,3.9691
1776007519159907266,4.0198
1776007519159955302,4.0678
1776007519160002686,4.1152
1776007519160047386,4.1599
1776007519160091508,4.2040
1776007519160135675,4.2482
1776007519256901253,0.9706
1776007519256992252,1.0616
1776007519257045613,1.1150
1776007519257090480,1.1598
1776007519257133916,1.2033
1776007519257176774,1.2461
1776007519257215813,1.2852
1776007519356506137,0.6453
1776007519356654487,0.7937
1776007519356723512,0.8627
1776007519356772435,0.9116
1776007519356821165,0.9603
1776007519356868557,1.0077
1776007519358410010,2.5492
1776007519456500357,0.6389
1776007519456618492,0.7570
1776007519456669832,0.8084
1776007519456754974,0.8935
1776007519456797481,0.9360
1776007519456834519,0.9731
1776007519456887334,1.0259
1776007519466986971,11.1255
1776007519467088406,11.2269
1776007519467141401,11.2799
1776007519556647968,0.7101
1776007519556756761,0.8189
1776007519556802688,0.8649
1776007519556846556,0.9087
1776007519556889302,0.9515
1776007519556940051,1.0022
1776007519556988924,1.0511
1776007519557357339,1.4195
1776007519656503306,0.6518
1776007519656597615,0.7461
1776007519656648888,0.7974
1776007519656704692,0.8532
1776007519656752098,0.9006
1776007519656799735,0.9483
1776007519656851291,0.9998
1776007519656893392,1.0419
1776007519666926170,11.0747
1776007519667001307,11.1498
1776007519667040802,11.1893
1776007519667083274,11.2318
1776007519667131313,11.2798
1776007519756338276,0.4848
1776007519756466743,0.6132
1776007519756811793,0.9583
1776007519756863954,1.0105
1776007519756913703,1.0602
1776007519756961083,1.1076
1776007519757004527,1.1510
1776007519757048255,1.1948
1776007519757089294,1.2358
1776007519856482177,0.6263
1776007519856559115,0.7033
1776007519856602153,0.7463
1776007519856644268,0.7884
1776007519856705422,0.8496
1776007519856750547,0.8947
1776007519856797933,0.9421
1776007519856844148,0.9883
1776007519856889325,1.0335
1776007519956606289,0.7437
1776007519956708334,0.8458
1776007519956835237,0.9727
1776007519956889248,1.0267
1776007519956935933,1.0734
1776007519956982876,1.1203
1776007519957025589,1.1630
1776007519957074218,1.2116
1776007519957273456,1.4109
1776007520056621445,0.7620
1776007520056710635,0.8512
1776007520056762093,0.9026
1776007520056909961,1.0505
1776007520056960076,1.1006
1776007520057069893,1.2104
1776007520057165233,1.3058
1776007520057236997,1.3776
1776007520057283620,1.4242
1776007520156262265,0.4079
1776007520156361899,0.5075
1776007520156595425,0.7410
1776007520156638876,0.7845
1776007520156847248,0.9928
1776007520157086129,1.2317
1776007520157132963,1.2786
1776007520157203041,1.3486
1776007520157242771,1.3884
1776007520256522634,0.6039
1776007520256635448,0.7167
1776007520256678745,0.7600
1776007520256843169,0.9245
1776007520256886814,0.9681
1776007520256929543,1.0108
1776007520256970030,1.0513
1776007520257009725,1.0910
1776007520257055728,1.1370
1776007520356523256,0.6605
1776007520356625382,0.7626
1776007520356718658,0.8559
1776007520356768251,0.9055
1776007520356818381,0.9556
1776007520356864096,1.0013
1776007520356906711,1.0440
1776007520356952425,1.0897
1776007520356999609,1.1369
1776007520456426276,0.5740
1776007520456586386,0.7341
1776007520456663519,0.8113
1776007520456721229,0.8690
1776007520456765012,0.9128
1776007520456810189,0.9579
1776007520456855399,1.0031
1776007520456899554,1.0473
1776007520456945763,1.0935
1776007520556379898,0.5269
1776007520556510995,0.6580
1776007520556564985,0.7120
1776007520556607986,0.7550
1776007520556652981,0.7999
1776007520556707197,0.8542
1776007520556755374,0.9023
1776007520556807450,0.9544
1776007520556851062,0.9980
1776007520656412712,0.5537
1776007520656607016,0.7480
1776007520656667717,0.8087
1776007520656745372,0.8864
1776007520656795047,0.9361
1776007520656844955,0.9860
1776007520656887624,1.0286
1776007520656932692,1.0737
1776007520656973876,1.1149
1776007520756398967,0.5438
1776007520756485087,0.6300
1776007520756529135,0.6740
1776007520756569873,0.7147
1776007520756616647,0.7615
1776007520756729907,0.8748
1776007520756774642,0.9195
1776007520757975088,2.1200
1776007520758164365,2.3092
1776007520856592472,0.7484
1776007520857586764,1.7427
1776007520857637432,1.7934
1776007520857724024,1.8800
1776007520857772344,1.9283
1776007520857838878,1.9949
1776007520857884564,2.0405
1776007520857928330,2.0843
1776007520956472362,0.6176
1776007520956610898,0.7561
1776007520956678541,0.8238
1776007520956763189,0.9084
1776007520956807426,0.9527
1776007520956852930,0.9982
1776007520956896538,1.0418
1776007520956939052,1.0843
1776007521056265615,0.4080
1776007521056729902,0.8723
1776007521056788744,0.9311
1776007521056846076,0.9884
1776007521056884874,1.0272
1776007521056931953,1.0743
1776007521057013892,1.1563
1776007521057114245,1.2566
1776007521156381927,0.5174
1776007521156508198,0.6437
1776007521156615098,0.7506
1776007521156726004,0.8615
1776007521156802424,0.9379
1776007521156870151,1.0056
1776007521156925052,1.0605
1776007521156973225,1.1087
1776007521256379266,0.5156
1776007521256633178,0.7695
1776007521256790515,0.9269
1776007521256843794,0.9802
1776007521256888701,1.0251
1776007521256937319,1.0737
1776007521256986375,1.1227
1776007521257117250,1.2536
1776007521267217118,11.3535
1776007521267310375,11.4467
1776007521267371153,11.5075
1776007521267414762,11.5511
1776007521267453110,11.5895
1776007521356408671,0.5558
1776007521356539132,0.6863
1776007521356643998,0.7911
1776007521356703688,0.8508
1776007521356753890,0.9010
1776007521356795858,0.9430
1776007521356885492,1.0326
1776007521356916761,1.0639
1776007521357150316,1.2975
1776007521456372953,0.4739
1776007521456961761,1.0627
1776007521457020631,1.1216
1776007521457068109,1.1690
1776007521457137577,1.2385
1776007521457185252,1.2862
1776007521457233797,1.3347
1776007521457277419,1.3784
1776007521457321650,1.4226
1776007521556371928,0.5191
1776007521556471262,0.6185
1776007521556520906,0.6681
1776007521556574546,0.7218
1776007521556660604,0.8078
1776007521556718177,0.8654
1776007521556763922,0.9111
1776007521556895569,1.0428
1776007521558069755,2.2170
1776007521656302638,0.4508
1776007521656458254,0.6064
1776007521656517640,0.6658
1776007521656564717,0.7129
1776007521656627215,0.7754
1776007521656698809,0.8470
1776007521656741659,0.8898
1776007521656785649,0.9338
1776007521656829345,0.9775
1776007521756255242,0.3961
1776007521756374615,0.5155
1776007521756425837,0.5667
1776007521756466207,0.6071
1776007521756648454,0.7894
1776007521756724789,0.8657
1776007521756767703,0.9086
1776007521756810358,0.9513
1776007521756860611,1.0015
1776007521857236871,0.6302
1776007521857342914,0.7362
1776007521857392072,0.7854
1776007521857436777,0.8301
1776007521857479242,0.8725
1776007521857519878,0.9132
1776007521857557332,0.9506
1776007521857591484,0.9848
1776007521857625919,1.0192
1776007521957767463,1.9092
1776007521957848404,1.9901
1776007521957897029,2.0388
1776007521957945090,2.0868
1776007521957990782,2.1325
1776007521958036020,2.1778
1776007521958084127,2.2259
1776007521958125069,2.2668
1776007521958164984,2.3067
1776007522056334321,0.4757
1776007522056545608,0.6870
1776007522056623582,0.7650
1776007522056669222,0.8106
1776007522056765208,0.9066
1776007522056820065,0.9615
1776007522056868113,1.0095
1776007522056919894,1.0613
1776007522056965931,1.1073
1776007522156356707,0.4948
1776007522156471509,0.6096
1776007522156906028,1.0441
1776007522156964014,1.1021
1776007522157015158,1.1533
1776007522157061334,1.1994
1776007522157137706,1.2758
1776007522157184257,1.3224
1776007522157233672,1.3718
1776007522256471850,0.6192
1776007522256621635,0.7690
1776007522256675333,0.8227
1776007522256741384,0.8887
1776007522256781909,0.9293
1776007522256834325,0.9817
1776007522256979770,1.1271
1776007522257022626,1.1700
1776007522257069052,1.2164
1776007522356543312,0.6865
1776007522356622593,0.7657
1776007522356664714,0.8079
1776007522356724948,0.8681
1776007522356788282,0.9314
1776007522356839071,0.9822
1776007522356874946,1.0181
1776007522356907856,1.0510
1776007522357839841,1.9830
1776007522456306552,0.4225
1776007522456446801,0.5627
1776007522456515005,0.6309
1776007522456583978,0.6999
1776007522456687383,0.8033
1776007522456769720,0.8857
1776007522456818115,0.9341
1776007522456877816,0.9938
1776007522456954832,1.0708
1776007522556317460,0.4565
1776007522556472763,0.6118
1776007522556524018,0.6631
1776007522556569705,0.7088
1776007522556620321,0.7594
1776007522556675339,0.8144
1776007522556942592,1.0817
1776007522556992837,1.1319
1776007522557046655,1.1857
1776007522656408142,0.5499
1776007522656488585,0.6304
1776007522656528079,0.6698
1776007522656570744,0.7125
1776007522656616916,0.7587
1776007522656684231,0.8260
1776007522656777555,0.9193
1776007522656821083,0.9629
1776007522656968618,1.1104
1776007522756604377,0.7449
1776007522756770590,0.9111
1776007522756822208,0.9627
1776007522756876576,1.0171
1776007522756925595,1.0661
1776007522756976672,1.1172
1776007522757028249,1.1687
1776007522757077810,1.2183
1776007522757123736,1.2642
1776007522856427313,0.5666
1776007522856633139,0.7725
1776007522856871562,1.0109
1776007522856971861,1.1112
1776007522857022939,1.1623
1776007522857063425,1.2027
1776007522857112588,1.2519
1776007522857157635,1.2969
1776007522857200501,1.3398
1776007522956264500,0.4084
1776007522956401590,0.5455
1776007522956447000,0.5909
1776007522956483926,0.6278
1776007522956521713,0.6656
1776007522956562629,0.7065
1776007522956602238,0.7461
1776007522956647983,0.7919
1776007522956743863,0.8878
1776007523056310371,0.4568
1776007523056432784,0.5792
1776007523056507855,0.6543
1776007523056627537,0.7740
1776007523056677139,0.8236
1776007523056729292,0.8757
1776007523056792079,0.9385
1776007523056844831,0.9912
1776007523056893752,1.0402
1776007523156320642,0.4573
1776007523156491049,0.6277
1776007523156556012,0.6926
1776007523156602593,0.7392
1776007523156649814,0.7864
1776007523156687256,0.8239
1776007523156737585,0.8742
1776007523156917632,1.0543
1776007523157168929,1.3056
1776007523256505681,0.6239
1776007523256610490,0.7287
1776007523256661726,0.7799
1776007523256712640,0.8308
1776007523256757519,0.8757
1776007523256839516,0.9577
1776007523256893413,1.0116
1776007523256937456,1.0556
1776007523256968959,1.0871
1776007523356471663,0.6190
1776007523356562551,0.7098
1776007523356623570,0.7709
1776007523356666799,0.8141
1776007523356775077,0.9224
1776007523356814860,0.9622
1776007523356848691,0.9960
1776007523356879309,1.0266
1776007523356907725,1.0550
1776007523456492701,0.6326
1776007523456617096,0.7570
1776007523456677253,0.8171
1776007523456734962,0.8748
1776007523456776474,0.9164
1776007523456843602,0.9835
1776007523456888627,1.0285
1776007523456955443,1.0953
1776007523457004502,1.1444
1776007523556471934,0.4178
1776007523556574203,0.5200
1776007523556629606,0.5754
1776007523556678395,0.6242
1776007523556747903,0.6937
1776007523556785994,0.7318
1776007523556823722,0.7696
1776007523556865986,0.8118
1776007523557038715,0.9845
1776007523656795165,0.9366
1776007523656886470,1.0279
1776007523656924069,1.0655
1776007523656967151,1.1086
1776007523657011447,1.1529
1776007523657059772,1.2012
1776007523657107558,1.2490
1776007523657150322,1.2918
1776007523657419022,1.5605
1776007523756375629,0.5172
1776007523756511579,0.6531
1776007523756611430,0.7530
1776007523756662534,0.8041
1776007523756725742,0.8673
1776007523756777939,0.9195
1776007523756819140,0.9607
1776007523756901693,1.0433
1776007523757169783,1.3113
1776007523856500784,0.6402
1776007523856618224,0.7576
1776007523856665083,0.8045
1776007523856717077,0.8565
1776007523856763727,0.9031
1776007523856811091,0.9505
1776007523856847346,0.9867
1776007523856882116,1.0215
1776007523857013456,1.1529
1776007523956386477,0.5361
1776007523956518956,0.6686
1776007523956570943,0.7206
1776007523956609023,0.7586
1776007523956648323,0.7979
1776007523956706149,0.8558
1776007523956748622,0.8982
1776007523956788876,0.9385
1776007523956832031,0.9816
1776007524056473527,0.6148
1776007524056582955,0.7242
1776007524056651944,0.7932
1776007524056706589,0.8478
1776007524056922946,1.0642
1776007524056994872,1.1361
1776007524057070141,1.2114
1776007524057113905,1.2551
1776007524057161172,1.3024
1776007524156728358,0.8626
1776007524156839661,0.9739
1776007524156898832,1.0330
1776007524156989136,1.1233
1776007524157040564,1.1748
1776007524157081396,1.2156
1776007524157114844,1.2490
1776007524157147340,1.2815
1776007524256393837,0.5362
1776007524256502845,0.6452
1776007524256562795,0.7051
1776007524256618466,0.7608
1776007524256665363,0.8077
1776007524256735528,0.8779
1776007524256780269,0.9226
1776007524258161058,2.3034
1776007524266750708,10.8931
1776007524266842827,10.9852
1776007524356401641,0.5419
1776007524356493587,0.6338
1776007524356531756,0.6720
1776007524356570645,0.7109
1776007524356614232,0.7545
1776007524356667747,0.8080
1776007524357231324,1.3716
1776007524357279221,1.4195
1776007524357953369,2.0936
1776007524456283665,0.4270
1776007524456404580,0.5480
1776007524456458211,0.6016
1776007524456550369,0.6938
1776007524456601893,0.7453
1776007524456719003,0.8624
1776007524456772407,0.9158
1776007524456819562,0.9629
1776007524456988622,1.1320
1776007524556444944,0.5844
1776007524556578034,0.7175
1776007524556629661,0.7691
1776007524556673184,0.8126
1776007524556729084,0.8685
1776007524556773253,0.9127
1776007524556817251,0.9567
1776007524556858178,0.9976
1776007524558578269,2.7177
1776007524656434327,0.5722
1776007524656536809,0.6747
1776007524656598214,0.7361
1776007524656638054,0.7760
1776007524656701763,0.8397
1776007524656838669,0.9766
1776007524656941778,1.0797
1776007524656982348,1.1203
1776007524657027566,1.1655
1776007524756288312,0.4350
1776007524756534496,0.6812
1776007524756593246,0.7400
1776007524756738501,0.8852
1776007524756829758,0.9765
1776007524756879369,1.0261
1776007524756925217,1.0719
1776007524756970208,1.1169
1776007524757893782,2.0405
1776007524856328023,0.4691
1776007524856427442,0.5685
1776007524856508974,0.6500
1776007524856561566,0.7026
1776007524856607982,0.7490
1776007524856812941,0.9540
1776007524859003586,3.1446
1776007524859073622,3.2147
1776007524859123894,3.2650
1776007524956457796,0.6024
1776007524956568852,0.7135
1776007524956660765,0.8054
1776007524956721667,0.8663
1776007524956801962,0.9466
1776007524956849453,0.9941
1776007524956919508,1.0641
1776007524956957183,1.1018
1776007524957004378,1.1490
1776007525056552275,0.5922
1776007525056744157,0.7841
1776007525056816928,0.8568
1776007525056879491,0.9194
1776007525056969154,1.0091
1776007525057035606,1.0755
1776007525057081961,1.1219
1776007525057132577,1.1725
1776007525057178340,1.2182
1776007525156710213,0.8484
1776007525156797495,0.9357
1776007525156845072,0.9832
1776007525156890809,1.0290
1776007525156938782,1.0769
1776007525156979785,1.1180
1776007525157019626,1.1578
1776007525157064235,1.2024
1776007525157102955,1.2411
1776007525256385476,0.5248
1776007525256500255,0.6396
1776007525256564451,0.7038
1776007525256608633,0.7479
1776007525256656300,0.7956
1776007525256707437,0.8467
1776007525256746641,0.8859
1776007525256784337,0.9236
1776007525256876066,1.0154
1776007525356254925,0.4002
1776007525356370606,0.5159
1776007525356471051,0.6163
1776007525356603565,0.7488
1776007525356652636,0.7979
1776007525356751586,0.8968
1776007525356814874,0.9601
1776007525356863499,1.0087
1776007525357124677,1.2699
1776007525456461414,0.6079
1776007525456561895,0.7084
1776007525456609607,0.7561
1776007525456651079,0.7976
1776007525457751038,1.8976
1776007525457788511,1.9350
1776007525457847920,1.9945
1776007525457885149,2.0317
1776007525457919066,2.0656
1776007525556747111,0.8827
1776007525556844044,0.9796
1776007525556899985,1.0355
1776007525556946789,1.0823
1776007525556991479,1.1270
1776007525557038296,1.1738
1776007525557085409,1.2210
1776007525557130346,1.2659
1776007525557172494,1.3080
1776007525656644021,0.7846
1776007525656823154,0.9637
1776007525656888761,1.0293
1776007525656936657,1.0772
1776007525657003651,1.1442
1776007525657045542,1.1861
1776007525657084150,1.2247
1776007525657123489,1.2641
1776007525657163143,1.3037
1776007525756411101,0.5588
1776007525756516328,0.6641
1776007525756561647,0.7094
1776007525756620987,0.7687
1776007525756757136,0.9049
1776007525756806000,0.9537
1776007525756886015,1.0338
1776007525756934316,1.0821
1776007525757971790,2.1195
1776007525856458288,0.6044
1776007525856557866,0.7039
1776007525856621377,0.7675
1776007525856719823,0.8659
1776007525856776987,0.9231
1776007525856819169,0.9652
1776007525856860137,1.0062
1776007525856902600,1.0487
1776007525856946982,1.0931
1776007525956660151,0.7802
1776007525956773886,0.8939
1776007525956828660,0.9487
1776007525956877626,0.9977
1776007525957071169,1.1912
1776007525957124141,1.2442
1776007525957173107,1.2931
1776007525957215355,1.3354
1776007525957261714,1.3817
1776007526056365669,0.5108
1776007526056511207,0.6563
1776007526056567910,0.7131
1776007526056612178,0.7573
1776007526056872712,1.0179
1776007526056917045,1.0622
1776007526056950457,1.0956
1776007526056982726,1.1279
1776007526057011389,1.1565
1776007526156520495,0.6673
1776007526156609178,0.7560
1776007526156658305,0.8051
1776007526156713419,0.8602
1776007526156758739,0.9056
1776007526156800665,0.9475
1776007526156842499,0.9893
1776007526157811416,1.9582
1776007526256254022,0.3980
1776007526256752272,0.8962
1776007526256814374,0.9583
1776007526256857823,1.0018
1776007526256908629,1.0526
1776007526256978798,1.1228
1776007526257057000,1.2010
1776007526257120720,1.2647
1776007526356380521,0.5208
1776007526356656449,0.7967
1776007526356735404,0.8756
1776007526356781188,0.9214
1776007526356821595,0.9618
1776007526356861007,1.0012
1776007526356901299,1.0415
1776007526356939880,1.0801
1776007526456630837,0.7772
1776007526456871594,1.0179
1776007526458180890,2.3272
1776007526458229198,2.3755
1776007526458297224,2.4436
1776007526458354810,2.5011
1776007526458400287,2.5466
1776007526467140877,11.2872
1776007526467228992,11.3753
1776007526467268155,11.4145
1776007526467305859,11.4522
1776007526556465583,0.6074
1776007526556571790,0.7136
1776007526556622255,0.7640
1776007526556710390,0.8522
1776007526556764070,0.9058
1776007526556838689,0.9805
1776007526556884691,1.0265
1776007526556925494,1.0673
1776007526656505941,0.6451
1776007526656612019,0.7511
1776007526656662714,0.8018
1776007526656723607,0.8627
1776007526656770642,0.9098
1776007526656818380,0.9575
1776007526656859884,0.9990
1776007526656910653,1.0498
1776007526756500186,0.6469
1776007526756603443,0.7502
1776007526756659780,0.8065
1776007526757832724,1.9794
1776007526757887089,2.0338
1776007526757940020,2.0867
1776007526757982887,2.1296
1776007526758028128,2.1748
1776007526856371470,0.5155
1776007526856542280,0.6863
1776007526856611429,0.7554
1776007526856663426,0.8074
1776007526856719245,0.8632
1776007526856766626,0.9106
1776007526856814103,0.9581
1776007526856865563,1.0095
1776007526868289883,12.4339
1776007526868370594,12.5146
1776007526868416023,12.5600
1776007526868461634,12.6056
1776007526868510397,12.6544
1776007526956847609,1.0100
1776007526956937933,1.1004
1776007526956985683,1.1481
1776007526957033429,1.1959
1776007526957079668,1.2421
1776007526957127372,1.2898
1776007526957174306,1.3367
1776007527056364515,0.5084
1776007527056490673,0.6345
1776007527056538377,0.6822
1776007527056585095,0.7289
1776007527056632086,0.7759
1776007527056675087,0.8189
1776007527057979670,2.1235
1776007527156543920,0.6796
1776007527156627130,0.7628
1776007527156676068,0.8118
1776007527156732929,0.8686
1776007527156778642,0.9143
1776007527156828559,0.9642
1776007527157006132,1.1418
1776007527166909261,11.0449
1776007527166990325,11.1260
1776007527167034520,11.1702
1776007527256395326,0.5461
1776007527256509104,0.6599
1776007527256560491,0.7113
1776007527256601380,0.7522
1776007527256636668,0.7875
1776007527256671378,0.8222
1776007527256720098,0.8709
1776007527256756546,0.9073
1776007527266886265,11.0371
1776007527267016492,11.1673
1776007527267074008,11.2248
1776007527267126333,11.2771
1776007527356540045,0.6860
1776007527356639180,0.7851
1776007527356707730,0.8537
1776007527356762121,0.9080
1776007527356806720,0.9526
1776007527356848569,0.9945
1776007527356890431,1.0364
1776007527356932450,1.0784
1776007527358079294,2.2252
1776007527456639515,0.7559
1776007527456919217,1.0356
1776007527456982155,1.0985
1776007527457137925,1.2543
1776007527457191076,1.3075
1776007527457269469,1.3859
1776007527457355384,1.4718
1776007527556418006,0.5552
1776007527556625007,0.7622
1776007527556717826,0.8550
1776007527556769916,0.9071
1776007527556976298,1.1135
1776007527557037604,1.1748
1776007527557285243,1.4224
1776007527656395133,0.5332
1776007527656584528,0.7226
1776007527656655663,0.7938
1776007527656732930,0.8710
1776007527656805220,0.9433
1776007527656888395,1.0265
1776007527657023378,1.1615
1776007527666745622,10.8837
1776007527666832457,10.9706
1776007527666883050,11.0212
1776007527666933261,11.0714
1776007527666980538,11.1186
1776007527667032836,11.1709
1776007527756350356,0.4866
1776007527756536892,0.6731
1776007527756588443,0.7247
1776007527756638978,0.7752
1776007527756685504,0.8217
1776007527756746757,0.8830
1776007527758056386,2.1926
1776007527758114459,2.2507
1776007527758602018,2.7383
1776007527856473963,0.6047
1776007527856557828,0.6885
1776007527856611126,0.7418
1776007527856656046,0.7867
1776007527856722506,0.8532
1776007527856808627,0.9393
1776007527856856785,0.9875
1776007527856901529,1.0322
1776007527858224995,2.3557
1776007527956600294,0.7431
1776007527956702265,0.8450
1776007527956754154,0.8969
1776007527956799897,0.9427
1776007527956843718,0.9865
1776007527956892835,1.0356
1776007527956942652,1.0854
1776007527956989683,1.1325
1776007527957061398,1.2042
1776007528056322897,0.4701
1776007528056447068,0.5942
1776007528056515981,0.6632
1776007528056627848,0.7750
1776007528056674567,0.8217
1776007528056735240,0.8824
1776007528056786108,0.9333
1776007528056829518,0.9767
1776007528056877236,1.0244
1776007528156273991,0.4138
1776007528156434219,0.5740
1776007528156500353,0.6402
1776007528156573133,0.7129
1776007528156616522,0.7563
1776007528156654149,0.7940
1776007528156705032,0.8448
1776007528156781529,0.9213
1776007528156932690,1.0725
1776007528256474532,0.6139
1776007528256588559,0.7279
1776007528256643458,0.7828
1776007528256714588,0.8539
1776007528256764291,0.9036
1776007528256811212,0.9506
1776007528256856370,0.9957
1776007528256923597,1.0630
1776007528256970389,1.1097
1776007528356484287,0.6348
1776007528356561707,0.7122
1776007528356605505,0.7560
1776007528356650576,0.8011
1776007528356708673,0.8592
1776007528356760624,0.9111
1776007528356811265,0.9617
1776007528356860680,1.0112
1776007528358068756,2.2192
1776007528456419696,0.5594
1776007528456543546,0.6832
1776007528456591659,0.7313
1776007528456985466,1.1251
1776007528457037716,1.1774
1776007528457085542,1.2252
1776007528457131429,1.2711
1776007528457177910,1.3176
1776007528457225070,1.3647
1776007528556364232,0.5069
1776007528556507052,0.6497
1776007528556586384,0.7290
1776007528556791514,0.9342
1776007528556843286,0.9859
1776007528556883671,1.0263
1776007528556923262,1.0659
1776007528556997322,1.1400
1776007528557093847,1.2365
1776007528656301482,0.4448
1776007528656425543,0.5689
1776007528656466318,0.6097
1776007528656629939,0.7733
1776007528656705207,0.8486
1776007528656755244,0.8986
1776007528656800068,0.9434
1776007528657762265,1.9056
1776007528657819267,1.9626
1776007528756713331,0.8592
1776007528756880905,1.0268
1776007528756934458,1.0803
1776007528756988040,1.1339
1776007528757029654,1.1755
1776007528757074357,1.2202
1776007528757119821,1.2657
1776007528757161072,1.3069
1776007528757207623,1.3535
1776007528856374499,0.5194
1776007528856553904,0.6988
1776007528856614286,0.7592
1776007528856666115,0.8110
1776007528856831135,0.9760
1776007528856884310,1.0292
1776007528856929185,1.0741
1776007528857041337,1.1863
1776007528857110805,1.2557
1776007528956501090,0.6434
1776007528956584286,0.7266
1776007528956631615,0.7739
1776007528956677543,0.8198
1776007528956802273,0.9446
1776007528956845442,0.9877
1776007528956880443,1.0227
1776007528956925026,1.0673
1776007528956956151,1.0984
1776007529056490132,0.6331
1776007529056615724,0.7587
1776007529056670113,0.8131
1776007529056735786,0.8788
1776007529056778126,0.9211
1776007529057171856,1.3148
1776007529057208621,1.3516
1776007529057301817,1.4448
1776007529057362464,1.5054
1776007529156275882,0.4212
1776007529156411375,0.5567
1776007529156521138,0.6665
1776007529156612648,0.7580
1776007529156685221,0.8306
1776007529156768305,0.9137
1776007529156815382,0.9607
1776007529156865460,1.0108
1776007529156968465,1.1138
1776007529256334217,0.4752
1776007529256478789,0.6198
1776007529256525428,0.6664
1776007529256573424,0.7144
1776007529256625063,0.7660
1776007529256668925,0.8099
1776007529256727657,0.8686
1776007529256775086,0.9161
1776007529256895427,1.0364
1776007529356522085,0.7039
1776007529356624718,0.8065
1776007529356684359,0.8661
1776007529356859288,1.0411
1776007529356899015,1.0808
1776007529356938716,1.1205
1776007529356975784,1.1576
1776007529357014027,1.1958
1776007529357051341,1.2331
1776007529456620263,0.7656
1776007529456743350,0.8887
1776007529456922831,1.0681
1776007529457002412,1.1477
1776007529457054032,1.1993
1776007529457099910,1.2452
1776007529457150326,1.2956
1776007529457198079,1.3434
1776007529457241257,1.3866
1776007529556652220,0.7932
1776007529556762108,0.9031
1776007529556810908,0.9519
1776007529556887917,1.0289
1776007529556929188,1.0701
1776007529556971531,1.1125
1776007529557013798,1.1548
1776007529557056930,1.1979
1776007529557099268,1.2402
1776007529656481948,0.6300
1776007529656616394,0.7645
1776007529656670731,0.8188
1776007529656733556,0.8816
1776007529656882558,1.0306
1776007529656933040,1.0811
1776007529656979135,1.1272
1776007529657024127,1.1722
1776007529657067917,1.2160
1776007529756498285,0.6389
1776007529756608947,0.7495
1776007529756652337,0.7929
1776007529756708364,0.8489
1776007529756754592,0.8952
1776007529756802008,0.9426
1776007529756850060,0.9906
1776007529756897064,1.0376
1776007529757035169,1.1757
1776007529856557545,0.6639
1776007529856675140,0.7815
1776007529856795352,0.9017
1776007529856902236,1.0086
1776007529856958281,1.0647
1776007529857009975,1.1164
1776007529857057674,1.1641
1776007529857102060,1.2085
1776007529857251351,1.3577
1776007529956515338,0.6584
1776007529956622647,0.7657
1776007529956676137,0.8192
1776007529956835776,0.9788
1776007529956884761,1.0278
1776007529956937666,1.0807
1776007529956984368,1.1274
1776007529957028402,1.1715
1776007529957077061,1.2201
1776007530056358124,0.5367
1776007530056510230,0.6888
1776007530056563035,0.7416
1776007530056614417,0.7930
1776007530056662487,0.8411
1776007530056718485,0.8971
1776007530056766130,0.9447
1776007530056812564,0.9912
1776007530056858815,1.0374
1776007530156304506,0.4445
1776007530156513796,0.6538
1776007530156575245,0.7152
1776007530156637202,0.7772
1776007530156684415,0.8244
1776007530156742331,0.8823
1776007530156808574,0.9486
1776007530156981876,1.1219
1776007530157206314,1.3463
1776007530256421826,0.5616
1776007530256612661,0.7524
1776007530256685320,0.8251
1776007530256744627,0.8844
1776007530256790634,0.9304
1776007530256846339,0.9861
1776007530256918504,1.0583
1776007530256965275,1.1050
1776007530257012154,1.1519
1776007530356434733,0.5750
1776007530356571636,0.7119
1776007530356647956,0.7882
1776007530356795584,0.9358
1776007530356849308,0.9896
1776007530356887412,1.0277
1776007530356928290,1.0685
1776007530356966315,1.1066
1776007530357007997,1.1482
1776007530456548880,0.6890
1776007530456636799,0.7769
1776007530456678514,0.8186
1776007530456743282,0.8834
1776007530456790527,0.9306
1776007530456834622,0.9747
1776007530456876210,1.0163
1776007530456919179,1.0593
1776007530457330017,1.4701
1776007530556553744,0.6703
1776007530556666322,0.7828
1776007530556725942,0.8425
1776007530556774991,0.8915
1776007530556822933,0.9394
1776007530556863083,0.9796
1776007530556901833,1.0183
1776007530556936007,1.0525
1776007530556967979,1.0845
1776007530656283034,0.4750
1776007530656416788,0.6087
1776007530656455596,0.6475
1776007530656496047,0.6880
1776007530656542563,0.7345
1776007530656581734,0.7737
1776007530656616449,0.8084
1776007530656650188,0.8421
1776007530656684242,0.8762
1776007530756603224,0.7368
1776007530756722274,0.8558
1776007530756777949,0.9115
1776007530756825694,0.9592
1776007530756873341,1.0069
1776007530756940218,1.0738
1776007530757056957,1.1905
1776007530856292847,0.4302
1776007530856539304,0.6767
1776007530856614462,0.7518
1776007530856663578,0.8010
1776007530856809884,0.9473
1776007530856897465,1.0348
1776007530856987382,1.1248
1776007530866830541,10.9679
1776007530866934826,11.0722
1776007530956333868,0.4750
1776007530956479369,0.6205
1776007530956528550,0.6697
1776007530956829421,0.9705
1776007530956895627,1.0368
1776007530956946188,1.0873
1776007530956998865,1.1400
1776007530957041723,1.1828
1776007531056444466,0.5832
1776007531056584404,0.7232
1776007531056646019,0.7848
1776007531056806306,0.9451
1776007531056855316,0.9941
1776007531057784956,1.9237
1776007531057838377,1.9771
1776007531057893701,2.0325
1776007531068171154,12.3099
1776007531068271175,12.4099
1776007531068325139,12.4639
1776007531068376988,12.5158
1776007531158750623,2.8973
1776007531158838733,2.9854
1776007531158887357,3.0340
1776007531158938817,3.0855
1776007531158986269,3.1329
1776007531159034895,3.1816
1776007531159079480,3.2262
1776007531159124821,3.2715
1776007531159169478,3.3162
1776007531256730824,0.8729
1776007531256829425,0.9715
1776007531256878323,1.0204
1776007531256926780,1.0689
1776007531256972220,1.1143
1776007531257012337,1.1544
1776007531257050505,1.1926
1776007531257080824,1.2229
1776007531257109766,1.2519
1776007531356483639,0.6240
1776007531356584314,0.7247
1776007531356635968,0.7764
1776007531356683174,0.8236
1776007531358419855,2.5603
1776007531358471566,2.6120
1776007531358521753,2.6622
1776007531358571593,2.7120
1776007531358617074,2.7575
1776007531456405050,0.5373
1776007531456561813,0.6941
1776007531456616756,0.7490
1776007531456661035,0.7933
1776007531456976395,1.1087
1776007531457179686,1.3119
1776007531457360093,1.4924
1776007531457425671,1.5579
1776007531457485283,1.6175
1776007531556336709,0.4802
1776007531556458735,0.6023
1776007531556505966,0.6495
1776007531556670573,0.8141
1776007531556899563,1.0431
1776007531556939526,1.0831
1776007531556973339,1.1169
1776007531557074931,1.2185
1776007531557324147,1.4677
1776007531656492330,0.6390
1776007531656625995,0.7727
1776007531656677389,0.8241
1776007531656739539,0.8862
1776007531656788321,0.9350
1776007531656833776,0.9805
1776007531656880440,1.0271
1776007531656928050,1.0748
1776007531656975615,1.1223
1776007531756270756,0.4041
1776007531756415542,0.5489
1776007531756656054,0.7894
1776007531756724079,0.8574
1776007531756779417,0.9128
1776007531756837843,0.9712
1776007531756887729,1.0211
1776007531757010765,1.1441
1776007531757157456,1.2908
1776007531876297605,20.4245
